phase,seconds,frame,details
mesh_load,0.025219,,C:\Users\ericv\OneDrive\Documents\UNIF\Q6\Elements finis\projet\FEM-project\models\perf\plot_2d_small.msh;dim=2
system_assembly,0.709484,,nodes=268;elements=490;dim=2
vertical_air_transfer_prepare,0.000066,,enabled=False;attenuation=0.25;radius=0.0
initial_conditions,0.000074,,src_x=0.0;src_y=0.0;src_z=0.0;src_radius=0.05;src_temp=800.0
animation_figure,0.078254,,
frame_calculation,0.003647,0,sim_time=50.00000
frame_calculation,0.002829,1,sim_time=100.00000
frame_calculation,0.002386,2,sim_time=150.00000
frame_calculation,0.002937,3,sim_time=200.00000
frame_calculation,0.002716,4,sim_time=250.00000
frame_calculation,0.002317,5,sim_time=300.00000
frame_calculation,0.002453,6,sim_time=350.00000
frame_calculation,0.002422,7,sim_time=400.00000
frame_calculation,0.002291,8,sim_time=450.00000
frame_calculation,0.002281,9,sim_time=500.00000
frame_calculation,0.003232,10,sim_time=550.00000
frame_calculation,0.002617,11,sim_time=600.00000
frame_calculation,0.002312,12,sim_time=650.00000
frame_calculation,0.002285,13,sim_time=700.00000
frame_calculation,0.002289,14,sim_time=750.00000
frame_calculation,0.002272,15,sim_time=800.00000
frame_calculation,0.002451,16,sim_time=850.00000
frame_calculation,0.002719,17,sim_time=900.00000
frame_calculation,0.002387,18,sim_time=950.00000
frame_calculation,0.002276,19,sim_time=1000.00000
frame_calculation,0.002266,20,sim_time=1050.00000
frame_calculation,0.002289,21,sim_time=1100.00000
frame_calculation,0.002274,22,sim_time=1150.00000
frame_calculation,0.002410,23,sim_time=1200.00000
frame_calculation,0.002798,24,sim_time=1250.00000
frame_calculation,0.002364,25,sim_time=1300.00000
frame_calculation,0.002288,26,sim_time=1350.00000
frame_calculation,0.002272,27,sim_time=1400.00000
frame_calculation,0.002279,28,sim_time=1450.00000
frame_calculation,0.002269,29,sim_time=1500.00000
frame_calculation,0.002808,30,sim_time=1550.00000
frame_calculation,0.002661,31,sim_time=1600.00000
frame_calculation,0.002379,32,sim_time=1650.00000
frame_calculation,0.002290,33,sim_time=1700.00000
frame_calculation,0.002271,34,sim_time=1750.00000
frame_calculation,0.002291,35,sim_time=1800.00000
frame_calculation,0.002534,36,sim_time=1850.00000
frame_calculation,0.002516,37,sim_time=1900.00000
frame_calculation,0.002543,38,sim_time=1950.00000
frame_calculation,0.002282,39,sim_time=2000.00000
frame_calculation,0.002258,40,sim_time=2050.00000
frame_calculation,0.002294,41,sim_time=2100.00000
frame_calculation,0.002279,42,sim_time=2150.00000
frame_calculation,0.003457,43,sim_time=2200.00000
frame_calculation,0.003658,44,sim_time=2250.00000
frame_calculation,0.002342,45,sim_time=2300.00000
frame_calculation,0.002281,46,sim_time=2350.00000
frame_calculation,0.002279,47,sim_time=2400.00000
frame_calculation,0.002285,48,sim_time=2450.00000
frame_calculation,0.002628,49,sim_time=2500.00000
frame_calculation,0.002610,50,sim_time=2550.00000
frame_calculation,0.002595,51,sim_time=2600.00000
frame_calculation,0.002332,52,sim_time=2650.00000
frame_calculation,0.002398,53,sim_time=2700.00000
frame_calculation,0.002279,54,sim_time=2750.00000
frame_calculation,0.002456,55,sim_time=2800.00000
frame_calculation,0.002389,56,sim_time=2850.00000
frame_calculation,0.002869,57,sim_time=2900.00000
frame_calculation,0.002486,58,sim_time=2950.00000
frame_calculation,0.002275,59,sim_time=3000.00000
frame_calculation,0.002273,60,sim_time=3050.00000
frame_calculation,0.002265,61,sim_time=3100.00000
frame_calculation,0.002529,62,sim_time=3150.00000
frame_calculation,0.002288,63,sim_time=3200.00000
frame_calculation,0.002626,64,sim_time=3250.00000
frame_calculation,0.002396,65,sim_time=3300.00000
frame_calculation,0.002269,66,sim_time=3350.00000
frame_calculation,0.002261,67,sim_time=3400.00000
frame_calculation,0.004355,68,sim_time=3450.00000
frame_calculation,0.003006,69,sim_time=3500.00000
frame_calculation,0.002579,70,sim_time=3550.00000
frame_calculation,0.002456,71,sim_time=3600.00000
frame_calculation,0.002389,72,sim_time=3650.00000
frame_calculation,0.002381,73,sim_time=3700.00000
frame_calculation,0.002494,74,sim_time=3750.00000
frame_calculation,0.002304,75,sim_time=3800.00000
frame_calculation,0.002271,76,sim_time=3850.00000
frame_calculation,0.002567,77,sim_time=3900.00000
frame_calculation,0.002415,78,sim_time=3950.00000
frame_calculation,0.002263,79,sim_time=4000.00000
frame_calculation,0.002495,80,sim_time=4050.00000
frame_calculation,0.002857,81,sim_time=4100.00000
frame_calculation,0.002539,82,sim_time=4150.00000
frame_calculation,0.002458,83,sim_time=4200.00000
frame_calculation,0.002509,84,sim_time=4250.00000
frame_calculation,0.002283,85,sim_time=4300.00000
frame_calculation,0.002262,86,sim_time=4350.00000
frame_calculation,0.003375,87,sim_time=4400.00000
frame_calculation,0.002339,88,sim_time=4450.00000
frame_calculation,0.002279,89,sim_time=4500.00000
frame_calculation,0.002596,90,sim_time=4550.00000
frame_calculation,0.002466,91,sim_time=4600.00000
frame_calculation,0.002282,92,sim_time=4650.00000
frame_calculation,0.003513,93,sim_time=4700.00000
frame_calculation,0.002568,94,sim_time=4750.00000
frame_calculation,0.002292,95,sim_time=4800.00000
frame_calculation,0.002452,96,sim_time=4850.00000
frame_calculation,0.002549,97,sim_time=4900.00000
frame_calculation,0.002408,98,sim_time=4950.00000
frame_calculation,0.002539,99,sim_time=5000.00000
frame_calculation,0.002394,100,sim_time=5050.00000
frame_calculation,0.002260,101,sim_time=5100.00000
frame_calculation,0.002271,102,sim_time=5150.00000
frame_calculation,0.002403,103,sim_time=5200.00000
frame_calculation,0.002570,104,sim_time=5250.00000
frame_calculation,0.002506,105,sim_time=5300.00000
frame_calculation,0.002406,106,sim_time=5350.00000
frame_calculation,0.002270,107,sim_time=5400.00000
frame_calculation,0.002265,108,sim_time=5450.00000
frame_calculation,0.002262,109,sim_time=5500.00000
frame_calculation,0.002427,110,sim_time=5550.00000
frame_calculation,0.002673,111,sim_time=5600.00000
frame_calculation,0.002840,112,sim_time=5650.00000
frame_calculation,0.003071,113,sim_time=5700.00000
frame_calculation,0.003196,114,sim_time=5750.00000
frame_calculation,0.003723,115,sim_time=5800.00000
frame_calculation,0.003902,116,sim_time=5850.00000
frame_calculation,0.003130,117,sim_time=5900.00000
frame_calculation,0.003171,118,sim_time=5950.00000
frame_calculation,0.003239,119,sim_time=6000.00000
frame_calculation,0.003447,120,sim_time=6050.00000
frame_calculation,0.003627,121,sim_time=6100.00000
frame_calculation,0.003696,122,sim_time=6150.00000
frame_calculation,0.005582,123,sim_time=6200.00000
frame_calculation,0.003844,124,sim_time=6250.00000
frame_calculation,0.003666,125,sim_time=6300.00000
frame_calculation,0.003321,126,sim_time=6350.00000
frame_calculation,0.005437,127,sim_time=6400.00000
frame_calculation,0.003991,128,sim_time=6450.00000
frame_calculation,0.003482,129,sim_time=6500.00000
frame_calculation,0.002910,130,sim_time=6550.00000
frame_calculation,0.002937,131,sim_time=6600.00000
frame_calculation,0.002701,132,sim_time=6650.00000
frame_calculation,0.002911,133,sim_time=6700.00000
frame_calculation,0.003151,134,sim_time=6750.00000
frame_calculation,0.002602,135,sim_time=6800.00000
frame_calculation,0.002738,136,sim_time=6850.00000
frame_calculation,0.002720,137,sim_time=6900.00000
frame_calculation,0.002616,138,sim_time=6950.00000
frame_calculation,0.002781,139,sim_time=7000.00000
frame_calculation,0.003301,140,sim_time=7050.00000
frame_calculation,0.002584,141,sim_time=7100.00000
frame_calculation,0.002470,142,sim_time=7150.00000
frame_calculation,0.002458,143,sim_time=7200.00000
frame_calculation,0.002432,144,sim_time=7250.00000
frame_calculation,0.002419,145,sim_time=7300.00000
frame_calculation,0.002866,146,sim_time=7350.00000
frame_calculation,0.002503,147,sim_time=7400.00000
frame_calculation,0.002609,148,sim_time=7450.00000
frame_calculation,0.003080,149,sim_time=7500.00000
frame_calculation,0.002623,150,sim_time=7550.00000
frame_calculation,0.002563,151,sim_time=7600.00000
frame_calculation,0.002603,152,sim_time=7650.00000
frame_calculation,0.002648,153,sim_time=7700.00000
frame_calculation,0.002352,154,sim_time=7750.00000
frame_calculation,0.002409,155,sim_time=7800.00000
frame_calculation,0.002397,156,sim_time=7850.00000
frame_calculation,0.002550,157,sim_time=7900.00000
frame_calculation,0.002438,158,sim_time=7950.00000
frame_calculation,0.003123,159,sim_time=8000.00000
frame_calculation,0.002868,160,sim_time=8050.00000
frame_calculation,0.002511,161,sim_time=8100.00000
frame_calculation,0.002288,162,sim_time=8150.00000
frame_calculation,0.002620,163,sim_time=8200.00000
frame_calculation,0.002407,164,sim_time=8250.00000
frame_calculation,0.002348,165,sim_time=8300.00000
frame_calculation,0.002464,166,sim_time=8350.00000
frame_calculation,0.002297,167,sim_time=8400.00000
frame_calculation,0.002266,168,sim_time=8450.00000
frame_calculation,0.002279,169,sim_time=8500.00000
frame_calculation,0.002543,170,sim_time=8550.00000
frame_calculation,0.002325,171,sim_time=8600.00000
frame_calculation,0.002289,172,sim_time=8650.00000
frame_calculation,0.002393,173,sim_time=8700.00000
frame_calculation,0.002291,174,sim_time=8750.00000
frame_calculation,0.002266,175,sim_time=8800.00000
frame_calculation,0.002428,176,sim_time=8850.00000
frame_calculation,0.002379,177,sim_time=8900.00000
frame_calculation,0.002267,178,sim_time=8950.00000
frame_calculation,0.002281,179,sim_time=9000.00000
frame_calculation,0.002387,180,sim_time=9050.00000
frame_calculation,0.002343,181,sim_time=9100.00000
frame_calculation,0.002263,182,sim_time=9150.00000
frame_calculation,0.002493,183,sim_time=9200.00000
frame_calculation,0.002413,184,sim_time=9250.00000
frame_calculation,0.002277,185,sim_time=9300.00000
frame_calculation,0.002276,186,sim_time=9350.00000
frame_calculation,0.002437,187,sim_time=9400.00000
frame_calculation,0.002341,188,sim_time=9450.00000
frame_calculation,0.002287,189,sim_time=9500.00000
frame_calculation,0.002406,190,sim_time=9550.00000
frame_calculation,0.002334,191,sim_time=9600.00000
frame_calculation,0.002274,192,sim_time=9650.00000
frame_calculation,0.002296,193,sim_time=9700.00000
frame_calculation,0.002383,194,sim_time=9750.00000
frame_calculation,0.002325,195,sim_time=9800.00000
frame_calculation,0.002293,196,sim_time=9850.00000
frame_calculation,0.002909,197,sim_time=9900.00000
frame_calculation,0.002670,198,sim_time=9950.00000
frame_calculation,0.002910,199,sim_time=10000.00000
frame_calculation,0.002999,200,sim_time=10050.00000
frame_calculation,0.004549,201,sim_time=10100.00000
frame_calculation,0.004179,202,sim_time=10150.00000
frame_calculation,0.003292,203,sim_time=10200.00000
frame_calculation,0.002597,204,sim_time=10250.00000
frame_calculation,0.003236,205,sim_time=10300.00000
frame_calculation,0.002869,206,sim_time=10350.00000
frame_calculation,0.002356,207,sim_time=10400.00000
frame_calculation,0.002258,208,sim_time=10450.00000
frame_calculation,0.002269,209,sim_time=10500.00000
frame_calculation,0.002358,210,sim_time=10550.00000
frame_calculation,0.002724,211,sim_time=10600.00000
frame_calculation,0.002841,212,sim_time=10650.00000
frame_calculation,0.002537,213,sim_time=10700.00000
frame_calculation,0.002282,214,sim_time=10750.00000
frame_calculation,0.002277,215,sim_time=10800.00000
frame_calculation,0.002258,216,sim_time=10850.00000
frame_calculation,0.002782,217,sim_time=10900.00000
frame_calculation,0.003265,218,sim_time=10950.00000
frame_calculation,0.002737,219,sim_time=11000.00000
frame_calculation,0.002323,220,sim_time=11050.00000
frame_calculation,0.002281,221,sim_time=11100.00000
frame_calculation,0.002261,222,sim_time=11150.00000
frame_calculation,0.002870,223,sim_time=11200.00000
frame_calculation,0.003338,224,sim_time=11250.00000
frame_calculation,0.002493,225,sim_time=11300.00000
frame_calculation,0.002304,226,sim_time=11350.00000
frame_calculation,0.002332,227,sim_time=11400.00000
frame_calculation,0.002470,228,sim_time=11450.00000
frame_calculation,0.003558,229,sim_time=11500.00000
frame_calculation,0.003683,230,sim_time=11550.00000
frame_calculation,0.002996,231,sim_time=11600.00000
frame_calculation,0.002359,232,sim_time=11650.00000
frame_calculation,0.002271,233,sim_time=11700.00000
frame_calculation,0.002462,234,sim_time=11750.00000
frame_calculation,0.002399,235,sim_time=11800.00000
frame_calculation,0.002539,236,sim_time=11850.00000
frame_calculation,0.002678,237,sim_time=11900.00000
frame_calculation,0.002586,238,sim_time=11950.00000
frame_calculation,0.002290,239,sim_time=12000.00000
frame_calculation,0.002252,240,sim_time=12050.00000
frame_calculation,0.002450,241,sim_time=12100.00000
frame_calculation,0.002271,242,sim_time=12150.00000
frame_calculation,0.002879,243,sim_time=12200.00000
frame_calculation,0.003645,244,sim_time=12250.00000
frame_calculation,0.002474,245,sim_time=12300.00000
frame_calculation,0.002295,246,sim_time=12350.00000
frame_calculation,0.002281,247,sim_time=12400.00000
frame_calculation,0.002279,248,sim_time=12450.00000
frame_calculation,0.003312,249,sim_time=12500.00000
frame_calculation,0.003238,250,sim_time=12550.00000
frame_calculation,0.002577,251,sim_time=12600.00000
frame_calculation,0.002313,252,sim_time=12650.00000
frame_calculation,0.002327,253,sim_time=12700.00000
frame_calculation,0.002368,254,sim_time=12750.00000
frame_calculation,0.003035,255,sim_time=12800.00000
frame_calculation,0.002527,256,sim_time=12850.00000
frame_calculation,0.002277,257,sim_time=12900.00000
frame_calculation,0.002303,258,sim_time=12950.00000
frame_calculation,0.002294,259,sim_time=13000.00000
frame_calculation,0.002260,260,sim_time=13050.00000
frame_calculation,0.002795,261,sim_time=13100.00000
frame_calculation,0.003350,262,sim_time=13150.00000
frame_calculation,0.003525,263,sim_time=13200.00000
frame_calculation,0.002390,264,sim_time=13250.00000
frame_calculation,0.002293,265,sim_time=13300.00000
frame_calculation,0.002279,266,sim_time=13350.00000
frame_calculation,0.002814,267,sim_time=13400.00000
frame_calculation,0.003669,268,sim_time=13450.00000
frame_calculation,0.003250,269,sim_time=13500.00000
frame_calculation,0.002375,270,sim_time=13550.00000
frame_calculation,0.002270,271,sim_time=13600.00000
frame_calculation,0.002261,272,sim_time=13650.00000
frame_calculation,0.002794,273,sim_time=13700.00000
frame_calculation,0.003852,274,sim_time=13750.00000
frame_calculation,0.003272,275,sim_time=13800.00000
frame_calculation,0.002400,276,sim_time=13850.00000
frame_calculation,0.002287,277,sim_time=13900.00000
frame_calculation,0.002285,278,sim_time=13950.00000
frame_calculation,0.003063,279,sim_time=14000.00000
frame_calculation,0.004029,280,sim_time=14050.00000
frame_calculation,0.002917,281,sim_time=14100.00000
frame_calculation,0.002355,282,sim_time=14150.00000
frame_calculation,0.002297,283,sim_time=14200.00000
frame_calculation,0.003091,284,sim_time=14250.00000
frame_calculation,0.004798,285,sim_time=14300.00000
frame_calculation,0.002681,286,sim_time=14350.00000
frame_calculation,0.002499,287,sim_time=14400.00000
frame_calculation,0.002444,288,sim_time=14450.00000
frame_calculation,0.002347,289,sim_time=14500.00000
frame_calculation,0.002481,290,sim_time=14550.00000
frame_calculation,0.002788,291,sim_time=14600.00000
frame_calculation,0.002885,292,sim_time=14650.00000
frame_calculation,0.002560,293,sim_time=14700.00000
frame_calculation,0.002314,294,sim_time=14750.00000
frame_calculation,0.002291,295,sim_time=14800.00000
frame_calculation,0.002656,296,sim_time=14850.00000
frame_calculation,0.002553,297,sim_time=14900.00000
frame_calculation,0.002623,298,sim_time=14950.00000
frame_calculation,0.002776,299,sim_time=15000.00000
frame_calculation,0.002334,300,sim_time=15050.00000
frame_calculation,0.002261,301,sim_time=15100.00000
frame_calculation,0.002304,302,sim_time=15150.00000
frame_calculation,0.002270,303,sim_time=15200.00000
frame_calculation,0.002603,304,sim_time=15250.00000
frame_calculation,0.002680,305,sim_time=15300.00000
frame_calculation,0.002723,306,sim_time=15350.00000
frame_calculation,0.002317,307,sim_time=15400.00000
frame_calculation,0.002326,308,sim_time=15450.00000
frame_calculation,0.002259,309,sim_time=15500.00000
frame_calculation,0.002246,310,sim_time=15550.00000
frame_calculation,0.003074,311,sim_time=15600.00000
frame_calculation,0.002785,312,sim_time=15650.00000
frame_calculation,0.002448,313,sim_time=15700.00000
frame_calculation,0.002338,314,sim_time=15750.00000
frame_calculation,0.002278,315,sim_time=15800.00000
frame_calculation,0.002280,316,sim_time=15850.00000
frame_calculation,0.003118,317,sim_time=15900.00000
frame_calculation,0.002824,318,sim_time=15950.00000
frame_calculation,0.002351,319,sim_time=16000.00000
frame_calculation,0.002280,320,sim_time=16050.00000
frame_calculation,0.002276,321,sim_time=16100.00000
frame_calculation,0.002256,322,sim_time=16150.00000
frame_calculation,0.002281,323,sim_time=16200.00000
frame_calculation,0.003219,324,sim_time=16250.00000
frame_calculation,0.002742,325,sim_time=16300.00000
frame_calculation,0.002457,326,sim_time=16350.00000
frame_calculation,0.002277,327,sim_time=16400.00000
frame_calculation,0.002253,328,sim_time=16450.00000
frame_calculation,0.002264,329,sim_time=16500.00000
frame_calculation,0.002473,330,sim_time=16550.00000
frame_calculation,0.003921,331,sim_time=16600.00000
frame_calculation,0.003303,332,sim_time=16650.00000
frame_calculation,0.002519,333,sim_time=16700.00000
frame_calculation,0.002428,334,sim_time=16750.00000
frame_calculation,0.002511,335,sim_time=16800.00000
frame_calculation,0.003289,336,sim_time=16850.00000
frame_calculation,0.003179,337,sim_time=16900.00000
frame_calculation,0.002643,338,sim_time=16950.00000
frame_calculation,0.002325,339,sim_time=17000.00000
frame_calculation,0.002285,340,sim_time=17050.00000
frame_calculation,0.002259,341,sim_time=17100.00000
frame_calculation,0.002769,342,sim_time=17150.00000
frame_calculation,0.002542,343,sim_time=17200.00000
frame_calculation,0.002996,344,sim_time=17250.00000
frame_calculation,0.002406,345,sim_time=17300.00000
frame_calculation,0.002355,346,sim_time=17350.00000
frame_calculation,0.002264,347,sim_time=17400.00000
frame_calculation,0.002579,348,sim_time=17450.00000
frame_calculation,0.003228,349,sim_time=17500.00000
frame_calculation,0.002514,350,sim_time=17550.00000
frame_calculation,0.002316,351,sim_time=17600.00000
frame_calculation,0.002357,352,sim_time=17650.00000
frame_calculation,0.002265,353,sim_time=17700.00000
frame_calculation,0.002394,354,sim_time=17750.00000
frame_calculation,0.002447,355,sim_time=17800.00000
frame_calculation,0.002931,356,sim_time=17850.00000
frame_calculation,0.003301,357,sim_time=17900.00000
frame_calculation,0.002482,358,sim_time=17950.00000
frame_calculation,0.002299,359,sim_time=18000.00000
frame_calculation,0.002461,360,sim_time=18050.00000
frame_calculation,0.002452,361,sim_time=18100.00000
frame_calculation,0.002718,362,sim_time=18150.00000
frame_calculation,0.002728,363,sim_time=18200.00000
frame_calculation,0.002444,364,sim_time=18250.00000
frame_calculation,0.002275,365,sim_time=18300.00000
frame_calculation,0.002290,366,sim_time=18350.00000
frame_calculation,0.002327,367,sim_time=18400.00000
frame_calculation,0.002273,368,sim_time=18450.00000
frame_calculation,0.003496,369,sim_time=18500.00000
frame_calculation,0.002959,370,sim_time=18550.00000
frame_calculation,0.002366,371,sim_time=18600.00000
frame_calculation,0.002253,372,sim_time=18650.00000
frame_calculation,0.002242,373,sim_time=18700.00000
frame_calculation,0.002248,374,sim_time=18750.00000
frame_calculation,0.002740,375,sim_time=18800.00000
frame_calculation,0.003294,376,sim_time=18850.00000
frame_calculation,0.002595,377,sim_time=18900.00000
frame_calculation,0.002300,378,sim_time=18950.00000
frame_calculation,0.002288,379,sim_time=19000.00000
frame_calculation,0.002291,380,sim_time=19050.00000
frame_calculation,0.003132,381,sim_time=19100.00000
frame_calculation,0.003566,382,sim_time=19150.00000
frame_calculation,0.002409,383,sim_time=19200.00000
frame_calculation,0.002320,384,sim_time=19250.00000
frame_calculation,0.002274,385,sim_time=19300.00000
frame_calculation,0.002261,386,sim_time=19350.00000
frame_calculation,0.002255,387,sim_time=19400.00000
frame_calculation,0.002917,388,sim_time=19450.00000
frame_calculation,0.002745,389,sim_time=19500.00000
frame_calculation,0.002485,390,sim_time=19550.00000
frame_calculation,0.002282,391,sim_time=19600.00000
frame_calculation,0.002268,392,sim_time=19650.00000
frame_calculation,0.002249,393,sim_time=19700.00000
frame_calculation,0.002525,394,sim_time=19750.00000
frame_calculation,0.002538,395,sim_time=19800.00000
frame_calculation,0.002720,396,sim_time=19850.00000
frame_calculation,0.002446,397,sim_time=19900.00000
frame_calculation,0.002258,398,sim_time=19950.00000
frame_calculation,0.002243,399,sim_time=20000.00000
frame_calculation,0.002253,400,sim_time=20050.00000
frame_calculation,0.002649,401,sim_time=20100.00000
frame_calculation,0.002742,402,sim_time=20150.00000
frame_calculation,0.002743,403,sim_time=20200.00000
frame_calculation,0.002404,404,sim_time=20250.00000
frame_calculation,0.002277,405,sim_time=20300.00000
frame_calculation,0.002250,406,sim_time=20350.00000
frame_calculation,0.002368,407,sim_time=20400.00000
frame_calculation,0.002787,408,sim_time=20450.00000
frame_calculation,0.002652,409,sim_time=20500.00000
frame_calculation,0.002557,410,sim_time=20550.00000
frame_calculation,0.002280,411,sim_time=20600.00000
frame_calculation,0.002290,412,sim_time=20650.00000
frame_calculation,0.002264,413,sim_time=20700.00000
frame_calculation,0.002427,414,sim_time=20750.00000
frame_calculation,0.003332,415,sim_time=20800.00000
frame_calculation,0.002372,416,sim_time=20850.00000
frame_calculation,0.002296,417,sim_time=20900.00000
frame_calculation,0.002263,418,sim_time=20950.00000
frame_calculation,0.002252,419,sim_time=21000.00000
frame_calculation,0.003362,420,sim_time=21050.00000
frame_calculation,0.003402,421,sim_time=21100.00000
frame_calculation,0.002824,422,sim_time=21150.00000
frame_calculation,0.002477,423,sim_time=21200.00000
frame_calculation,0.002312,424,sim_time=21250.00000
frame_calculation,0.002273,425,sim_time=21300.00000
frame_calculation,0.002512,426,sim_time=21350.00000
frame_calculation,0.002611,427,sim_time=21400.00000
frame_calculation,0.002894,428,sim_time=21450.00000
frame_calculation,0.002782,429,sim_time=21500.00000
frame_calculation,0.002337,430,sim_time=21550.00000
frame_calculation,0.002247,431,sim_time=21600.00000
frame_calculation,0.002518,432,sim_time=21650.00000
frame_calculation,0.002277,433,sim_time=21700.00000
frame_calculation,0.002577,434,sim_time=21750.00000
frame_calculation,0.003266,435,sim_time=21800.00000
frame_calculation,0.002624,436,sim_time=21850.00000
frame_calculation,0.002313,437,sim_time=21900.00000
frame_calculation,0.002261,438,sim_time=21950.00000
frame_calculation,0.002252,439,sim_time=22000.00000
frame_calculation,0.002671,440,sim_time=22050.00000
frame_calculation,0.003400,441,sim_time=22100.00000
frame_calculation,0.002691,442,sim_time=22150.00000
frame_calculation,0.002365,443,sim_time=22200.00000
frame_calculation,0.002273,444,sim_time=22250.00000
frame_calculation,0.002256,445,sim_time=22300.00000
frame_calculation,0.002267,446,sim_time=22350.00000
frame_calculation,0.002930,447,sim_time=22400.00000
frame_calculation,0.002369,448,sim_time=22450.00000
frame_calculation,0.002253,449,sim_time=22500.00000
frame_calculation,0.002309,450,sim_time=22550.00000
frame_calculation,0.002247,451,sim_time=22600.00000
frame_calculation,0.002242,452,sim_time=22650.00000
frame_calculation,0.002446,453,sim_time=22700.00000
frame_calculation,0.002636,454,sim_time=22750.00000
frame_calculation,0.002798,455,sim_time=22800.00000
frame_calculation,0.002559,456,sim_time=22850.00000
frame_calculation,0.002273,457,sim_time=22900.00000
frame_calculation,0.002240,458,sim_time=22950.00000
frame_calculation,0.002252,459,sim_time=23000.00000
frame_calculation,0.002587,460,sim_time=23050.00000
frame_calculation,0.002579,461,sim_time=23100.00000
frame_calculation,0.002792,462,sim_time=23150.00000
frame_calculation,0.002330,463,sim_time=23200.00000
frame_calculation,0.002245,464,sim_time=23250.00000
frame_calculation,0.002245,465,sim_time=23300.00000
frame_calculation,0.002420,466,sim_time=23350.00000
frame_calculation,0.004218,467,sim_time=23400.00000
frame_calculation,0.003082,468,sim_time=23450.00000
frame_calculation,0.002350,469,sim_time=23500.00000
frame_calculation,0.002247,470,sim_time=23550.00000
frame_calculation,0.002253,471,sim_time=23600.00000
frame_calculation,0.002398,472,sim_time=23650.00000
frame_calculation,0.002952,473,sim_time=23700.00000
frame_calculation,0.002663,474,sim_time=23750.00000
frame_calculation,0.002771,475,sim_time=23800.00000
frame_calculation,0.002283,476,sim_time=23850.00000
frame_calculation,0.002250,477,sim_time=23900.00000
frame_calculation,0.002413,478,sim_time=23950.00000
frame_calculation,0.002551,479,sim_time=24000.00000
frame_calculation,0.002519,480,sim_time=24050.00000
frame_calculation,0.002335,481,sim_time=24100.00000
frame_calculation,0.002249,482,sim_time=24150.00000
frame_calculation,0.002251,483,sim_time=24200.00000
frame_calculation,0.002288,484,sim_time=24250.00000
frame_calculation,0.002443,485,sim_time=24300.00000
frame_calculation,0.002387,486,sim_time=24350.00000
frame_calculation,0.002763,487,sim_time=24400.00000
frame_calculation,0.002833,488,sim_time=24450.00000
frame_calculation,0.002376,489,sim_time=24500.00000
frame_calculation,0.002242,490,sim_time=24550.00000
frame_calculation,0.002287,491,sim_time=24600.00000
frame_calculation,0.002297,492,sim_time=24650.00000
frame_calculation,0.002508,493,sim_time=24700.00000
frame_calculation,0.002580,494,sim_time=24750.00000
frame_calculation,0.002689,495,sim_time=24800.00000
frame_calculation,0.002306,496,sim_time=24850.00000
frame_calculation,0.002266,497,sim_time=24900.00000
frame_calculation,0.002460,498,sim_time=24950.00000
frame_calculation,0.002291,499,sim_time=25000.00000
frame_calculation,0.002439,500,sim_time=25050.00000
frame_calculation,0.002582,501,sim_time=25100.00000
frame_calculation,0.002748,502,sim_time=25150.00000
frame_calculation,0.002318,503,sim_time=25200.00000
frame_calculation,0.002243,504,sim_time=25250.00000
frame_calculation,0.002246,505,sim_time=25300.00000
frame_calculation,0.002240,506,sim_time=25350.00000
frame_calculation,0.003564,507,sim_time=25400.00000
frame_calculation,0.003479,508,sim_time=25450.00000
frame_calculation,0.002451,509,sim_time=25500.00000
frame_calculation,0.002333,510,sim_time=25550.00000
frame_calculation,0.002265,511,sim_time=25600.00000
frame_calculation,0.002270,512,sim_time=25650.00000
frame_calculation,0.003511,513,sim_time=25700.00000
frame_calculation,0.002553,514,sim_time=25750.00000
frame_calculation,0.002293,515,sim_time=25800.00000
frame_calculation,0.002289,516,sim_time=25850.00000
frame_calculation,0.002270,517,sim_time=25900.00000
frame_calculation,0.002248,518,sim_time=25950.00000
frame_calculation,0.002648,519,sim_time=26000.00000
frame_calculation,0.002718,520,sim_time=26050.00000
frame_calculation,0.002288,521,sim_time=26100.00000
frame_calculation,0.002267,522,sim_time=26150.00000
frame_calculation,0.003803,523,sim_time=26200.00000
frame_calculation,0.002763,524,sim_time=26250.00000
frame_calculation,0.002354,525,sim_time=26300.00000
frame_calculation,0.002813,526,sim_time=26350.00000
frame_calculation,0.002857,527,sim_time=26400.00000
frame_calculation,0.002683,528,sim_time=26450.00000
frame_calculation,0.002280,529,sim_time=26500.00000
frame_calculation,0.002250,530,sim_time=26550.00000
frame_calculation,0.002253,531,sim_time=26600.00000
frame_calculation,0.003053,532,sim_time=26650.00000
frame_calculation,0.003599,533,sim_time=26700.00000
frame_calculation,0.002592,534,sim_time=26750.00000
frame_calculation,0.002304,535,sim_time=26800.00000
frame_calculation,0.002274,536,sim_time=26850.00000
frame_calculation,0.002261,537,sim_time=26900.00000
frame_calculation,0.002704,538,sim_time=26950.00000
frame_calculation,0.002921,539,sim_time=27000.00000
frame_calculation,0.003179,540,sim_time=27050.00000
frame_calculation,0.002465,541,sim_time=27100.00000
frame_calculation,0.002405,542,sim_time=27150.00000
frame_calculation,0.002440,543,sim_time=27200.00000
frame_calculation,0.002872,544,sim_time=27250.00000
frame_calculation,0.002757,545,sim_time=27300.00000
frame_calculation,0.002277,546,sim_time=27350.00000
frame_calculation,0.002249,547,sim_time=27400.00000
frame_calculation,0.002243,548,sim_time=27450.00000
frame_calculation,0.002250,549,sim_time=27500.00000
frame_calculation,0.002240,550,sim_time=27550.00000
frame_calculation,0.002807,551,sim_time=27600.00000
frame_calculation,0.002615,552,sim_time=27650.00000
frame_calculation,0.002783,553,sim_time=27700.00000
frame_calculation,0.002345,554,sim_time=27750.00000
frame_calculation,0.002243,555,sim_time=27800.00000
frame_calculation,0.002236,556,sim_time=27850.00000
frame_calculation,0.002449,557,sim_time=27900.00000
frame_calculation,0.003489,558,sim_time=27950.00000
frame_calculation,0.002782,559,sim_time=28000.00000
frame_calculation,0.002484,560,sim_time=28050.00000
frame_calculation,0.002292,561,sim_time=28100.00000
frame_calculation,0.002262,562,sim_time=28150.00000
frame_calculation,0.002434,563,sim_time=28200.00000
frame_calculation,0.003101,564,sim_time=28250.00000
frame_calculation,0.003286,565,sim_time=28300.00000
frame_calculation,0.002805,566,sim_time=28350.00000
frame_calculation,0.002332,567,sim_time=28400.00000
frame_calculation,0.002265,568,sim_time=28450.00000
frame_calculation,0.002440,569,sim_time=28500.00000
frame_calculation,0.002625,570,sim_time=28550.00000
frame_calculation,0.002590,571,sim_time=28600.00000
frame_calculation,0.002784,572,sim_time=28650.00000
frame_calculation,0.002338,573,sim_time=28700.00000
frame_calculation,0.002253,574,sim_time=28750.00000
frame_calculation,0.002277,575,sim_time=28800.00000
frame_calculation,0.002311,576,sim_time=28850.00000
frame_calculation,0.002409,577,sim_time=28900.00000
frame_calculation,0.002496,578,sim_time=28950.00000
frame_calculation,0.002275,579,sim_time=29000.00000
frame_calculation,0.002245,580,sim_time=29050.00000
frame_calculation,0.002239,581,sim_time=29100.00000
frame_calculation,0.002727,582,sim_time=29150.00000
frame_calculation,0.002957,583,sim_time=29200.00000
frame_calculation,0.002901,584,sim_time=29250.00000
frame_calculation,0.002873,585,sim_time=29300.00000
frame_calculation,0.002780,586,sim_time=29350.00000
frame_calculation,0.002290,587,sim_time=29400.00000
frame_calculation,0.002260,588,sim_time=29450.00000
frame_calculation,0.002250,589,sim_time=29500.00000
frame_calculation,0.003128,590,sim_time=29550.00000
frame_calculation,0.003057,591,sim_time=29600.00000
frame_calculation,0.002328,592,sim_time=29650.00000
frame_calculation,0.002301,593,sim_time=29700.00000
frame_calculation,0.002295,594,sim_time=29750.00000
frame_calculation,0.002264,595,sim_time=29800.00000
frame_calculation,0.002366,596,sim_time=29850.00000
frame_calculation,0.003895,597,sim_time=29900.00000
frame_calculation,0.002403,598,sim_time=29950.00000
frame_calculation,0.002283,599,sim_time=30000.00000
frame_calculation,0.002295,600,sim_time=30050.00000
frame_calculation,0.002254,601,sim_time=30100.00000
frame_calculation,0.002267,602,sim_time=30150.00000
frame_calculation,0.002884,603,sim_time=30200.00000
frame_calculation,0.003062,604,sim_time=30250.00000
frame_calculation,0.002309,605,sim_time=30300.00000
frame_calculation,0.002313,606,sim_time=30350.00000
frame_calculation,0.002260,607,sim_time=30400.00000
frame_calculation,0.002256,608,sim_time=30450.00000
frame_calculation,0.002246,609,sim_time=30500.00000
frame_calculation,0.002672,610,sim_time=30550.00000
frame_calculation,0.002365,611,sim_time=30600.00000
frame_calculation,0.002260,612,sim_time=30650.00000
frame_calculation,0.002258,613,sim_time=30700.00000
frame_calculation,0.002246,614,sim_time=30750.00000
frame_calculation,0.002247,615,sim_time=30800.00000
frame_calculation,0.002505,616,sim_time=30850.00000
frame_calculation,0.003244,617,sim_time=30900.00000
frame_calculation,0.003064,618,sim_time=30950.00000
frame_calculation,0.002330,619,sim_time=31000.00000
frame_calculation,0.002251,620,sim_time=31050.00000
frame_calculation,0.002243,621,sim_time=31100.00000
frame_calculation,0.002372,622,sim_time=31150.00000
frame_calculation,0.003153,623,sim_time=31200.00000
frame_calculation,0.002490,624,sim_time=31250.00000
frame_calculation,0.002293,625,sim_time=31300.00000
frame_calculation,0.002271,626,sim_time=31350.00000
frame_calculation,0.002250,627,sim_time=31400.00000
frame_calculation,0.002271,628,sim_time=31450.00000
frame_calculation,0.002563,629,sim_time=31500.00000
frame_calculation,0.002379,630,sim_time=31550.00000
frame_calculation,0.002402,631,sim_time=31600.00000
frame_calculation,0.002260,632,sim_time=31650.00000
frame_calculation,0.002258,633,sim_time=31700.00000
frame_calculation,0.002259,634,sim_time=31750.00000
frame_calculation,0.002245,635,sim_time=31800.00000
frame_calculation,0.003549,636,sim_time=31850.00000
frame_calculation,0.002428,637,sim_time=31900.00000
frame_calculation,0.002388,638,sim_time=31950.00000
frame_calculation,0.002270,639,sim_time=32000.00000
frame_calculation,0.002256,640,sim_time=32050.00000
frame_calculation,0.002251,641,sim_time=32100.00000
frame_calculation,0.003086,642,sim_time=32150.00000
frame_calculation,0.002754,643,sim_time=32200.00000
frame_calculation,0.002534,644,sim_time=32250.00000
frame_calculation,0.002437,645,sim_time=32300.00000
frame_calculation,0.002301,646,sim_time=32350.00000
frame_calculation,0.002267,647,sim_time=32400.00000
frame_calculation,0.002438,648,sim_time=32450.00000
frame_calculation,0.002499,649,sim_time=32500.00000
frame_calculation,0.002522,650,sim_time=32550.00000
frame_calculation,0.002558,651,sim_time=32600.00000
frame_calculation,0.002380,652,sim_time=32650.00000
frame_calculation,0.002301,653,sim_time=32700.00000
frame_calculation,0.002552,654,sim_time=32750.00000
frame_calculation,0.002864,655,sim_time=32800.00000
frame_calculation,0.002412,656,sim_time=32850.00000
frame_calculation,0.002430,657,sim_time=32900.00000
frame_calculation,0.002365,658,sim_time=32950.00000
frame_calculation,0.002258,659,sim_time=33000.00000
frame_calculation,0.002262,660,sim_time=33050.00000
frame_calculation,0.002450,661,sim_time=33100.00000
frame_calculation,0.002268,662,sim_time=33150.00000
frame_calculation,0.002248,663,sim_time=33200.00000
frame_calculation,0.002379,664,sim_time=33250.00000
frame_calculation,0.002373,665,sim_time=33300.00000
frame_calculation,0.002297,666,sim_time=33350.00000
frame_calculation,0.002353,667,sim_time=33400.00000
frame_calculation,0.003895,668,sim_time=33450.00000
frame_calculation,0.002318,669,sim_time=33500.00000
frame_calculation,0.002407,670,sim_time=33550.00000
frame_calculation,0.002486,671,sim_time=33600.00000
frame_calculation,0.002305,672,sim_time=33650.00000
frame_calculation,0.002304,673,sim_time=33700.00000
frame_calculation,0.002854,674,sim_time=33750.00000
frame_calculation,0.002272,675,sim_time=33800.00000
frame_calculation,0.002256,676,sim_time=33850.00000
frame_calculation,0.002412,677,sim_time=33900.00000
frame_calculation,0.002526,678,sim_time=33950.00000
frame_calculation,0.002303,679,sim_time=34000.00000
frame_calculation,0.003280,680,sim_time=34050.00000
frame_calculation,0.002386,681,sim_time=34100.00000
frame_calculation,0.002251,682,sim_time=34150.00000
frame_calculation,0.002248,683,sim_time=34200.00000
frame_calculation,0.002553,684,sim_time=34250.00000
frame_calculation,0.002385,685,sim_time=34300.00000
frame_calculation,0.002441,686,sim_time=34350.00000
frame_calculation,0.002331,687,sim_time=34400.00000
frame_calculation,0.002254,688,sim_time=34450.00000
frame_calculation,0.002245,689,sim_time=34500.00000
frame_calculation,0.002260,690,sim_time=34550.00000
frame_calculation,0.002635,691,sim_time=34600.00000
frame_calculation,0.002396,692,sim_time=34650.00000
frame_calculation,0.002694,693,sim_time=34700.00000
frame_calculation,0.002322,694,sim_time=34750.00000
frame_calculation,0.002254,695,sim_time=34800.00000
frame_calculation,0.002242,696,sim_time=34850.00000
frame_calculation,0.002254,697,sim_time=34900.00000
frame_calculation,0.002531,698,sim_time=34950.00000
frame_calculation,0.002685,699,sim_time=35000.00000
frame_calculation,0.002503,700,sim_time=35050.00000
frame_calculation,0.002292,701,sim_time=35100.00000
frame_calculation,0.002249,702,sim_time=35150.00000
frame_calculation,0.002247,703,sim_time=35200.00000
frame_calculation,0.002294,704,sim_time=35250.00000
frame_calculation,0.002960,705,sim_time=35300.00000
frame_calculation,0.002858,706,sim_time=35350.00000
frame_calculation,0.002347,707,sim_time=35400.00000
frame_calculation,0.002290,708,sim_time=35450.00000
frame_calculation,0.002259,709,sim_time=35500.00000
frame_calculation,0.002246,710,sim_time=35550.00000
frame_calculation,0.002374,711,sim_time=35600.00000
frame_calculation,0.002660,712,sim_time=35650.00000
frame_calculation,0.002744,713,sim_time=35700.00000
frame_calculation,0.002259,714,sim_time=35750.00000
frame_calculation,0.002250,715,sim_time=35800.00000
frame_calculation,0.002247,716,sim_time=35850.00000
frame_calculation,0.002249,717,sim_time=35900.00000
frame_calculation,0.002939,718,sim_time=35950.00000
frame_calculation,0.003066,719,sim_time=36000.00000
frame_calculation,0.002318,720,sim_time=36050.00000
frame_calculation,0.002276,721,sim_time=36100.00000
frame_calculation,0.002286,722,sim_time=36150.00000
frame_calculation,0.002265,723,sim_time=36200.00000
frame_calculation,0.002259,724,sim_time=36250.00000
frame_calculation,0.002709,725,sim_time=36300.00000
frame_calculation,0.002527,726,sim_time=36350.00000
frame_calculation,0.002269,727,sim_time=36400.00000
frame_calculation,0.002264,728,sim_time=36450.00000
frame_calculation,0.002275,729,sim_time=36500.00000
frame_calculation,0.002250,730,sim_time=36550.00000
frame_calculation,0.002262,731,sim_time=36600.00000
frame_calculation,0.003498,732,sim_time=36650.00000
frame_calculation,0.002469,733,sim_time=36700.00000
frame_calculation,0.002293,734,sim_time=36750.00000
frame_calculation,0.002273,735,sim_time=36800.00000
frame_calculation,0.002277,736,sim_time=36850.00000
frame_calculation,0.002253,737,sim_time=36900.00000
frame_calculation,0.002961,738,sim_time=36950.00000
frame_calculation,0.003042,739,sim_time=37000.00000
frame_calculation,0.002301,740,sim_time=37050.00000
frame_calculation,0.002267,741,sim_time=37100.00000
frame_calculation,0.002258,742,sim_time=37150.00000
frame_calculation,0.002279,743,sim_time=37200.00000
frame_calculation,0.002477,744,sim_time=37250.00000
frame_calculation,0.002653,745,sim_time=37300.00000
frame_calculation,0.002428,746,sim_time=37350.00000
frame_calculation,0.002265,747,sim_time=37400.00000
frame_calculation,0.002253,748,sim_time=37450.00000
frame_calculation,0.002275,749,sim_time=37500.00000
frame_calculation,0.002243,750,sim_time=37550.00000
frame_calculation,0.002476,751,sim_time=37600.00000
frame_calculation,0.003053,752,sim_time=37650.00000
frame_calculation,0.002484,753,sim_time=37700.00000
frame_calculation,0.002416,754,sim_time=37750.00000
frame_calculation,0.002454,755,sim_time=37800.00000
frame_calculation,0.002446,756,sim_time=37850.00000
frame_calculation,0.002703,757,sim_time=37900.00000
frame_calculation,0.002628,758,sim_time=37950.00000
frame_calculation,0.002494,759,sim_time=38000.00000
frame_calculation,0.002281,760,sim_time=38050.00000
frame_calculation,0.002274,761,sim_time=38100.00000
frame_calculation,0.002241,762,sim_time=38150.00000
frame_calculation,0.002354,763,sim_time=38200.00000
frame_calculation,0.002554,764,sim_time=38250.00000
frame_calculation,0.002612,765,sim_time=38300.00000
frame_calculation,0.002499,766,sim_time=38350.00000
frame_calculation,0.002286,767,sim_time=38400.00000
frame_calculation,0.002253,768,sim_time=38450.00000
frame_calculation,0.002265,769,sim_time=38500.00000
frame_calculation,0.002496,770,sim_time=38550.00000
frame_calculation,0.002845,771,sim_time=38600.00000
frame_calculation,0.002970,772,sim_time=38650.00000
frame_calculation,0.002559,773,sim_time=38700.00000
frame_calculation,0.002369,774,sim_time=38750.00000
frame_calculation,0.002258,775,sim_time=38800.00000
frame_calculation,0.002283,776,sim_time=38850.00000
frame_calculation,0.002489,777,sim_time=38900.00000
frame_calculation,0.002265,778,sim_time=38950.00000
frame_calculation,0.003111,779,sim_time=39000.00000
frame_calculation,0.002357,780,sim_time=39050.00000
frame_calculation,0.002251,781,sim_time=39100.00000
frame_calculation,0.002260,782,sim_time=39150.00000
frame_calculation,0.002854,783,sim_time=39200.00000
frame_calculation,0.002941,784,sim_time=39250.00000
frame_calculation,0.002465,785,sim_time=39300.00000
frame_calculation,0.002584,786,sim_time=39350.00000
frame_calculation,0.002259,787,sim_time=39400.00000
frame_calculation,0.002250,788,sim_time=39450.00000
frame_calculation,0.002425,789,sim_time=39500.00000
frame_calculation,0.002381,790,sim_time=39550.00000
frame_calculation,0.002250,791,sim_time=39600.00000
frame_calculation,0.002369,792,sim_time=39650.00000
frame_calculation,0.002482,793,sim_time=39700.00000
frame_calculation,0.002265,794,sim_time=39750.00000
frame_calculation,0.002246,795,sim_time=39800.00000
frame_calculation,0.002385,796,sim_time=39850.00000
frame_calculation,0.002363,797,sim_time=39900.00000
frame_calculation,0.002254,798,sim_time=39950.00000
frame_calculation,0.002367,799,sim_time=40000.00000
frame_calculation,0.002532,800,sim_time=40050.00000
frame_calculation,0.002292,801,sim_time=40100.00000
frame_calculation,0.002245,802,sim_time=40150.00000
frame_calculation,0.002495,803,sim_time=40200.00000
frame_calculation,0.002258,804,sim_time=40250.00000
frame_calculation,0.002239,805,sim_time=40300.00000
frame_calculation,0.002363,806,sim_time=40350.00000
frame_calculation,0.002493,807,sim_time=40400.00000
frame_calculation,0.002271,808,sim_time=40450.00000
frame_calculation,0.002256,809,sim_time=40500.00000
frame_calculation,0.002923,810,sim_time=40550.00000
frame_calculation,0.002254,811,sim_time=40600.00000
frame_calculation,0.002253,812,sim_time=40650.00000
frame_calculation,0.002921,813,sim_time=40700.00000
frame_calculation,0.002752,814,sim_time=40750.00000
frame_calculation,0.002301,815,sim_time=40800.00000
frame_calculation,0.003847,816,sim_time=40850.00000
frame_calculation,0.002688,817,sim_time=40900.00000
frame_calculation,0.002277,818,sim_time=40950.00000
frame_calculation,0.003549,819,sim_time=41000.00000
frame_calculation,0.002579,820,sim_time=41050.00000
frame_calculation,0.002294,821,sim_time=41100.00000
frame_calculation,0.002409,822,sim_time=41150.00000
frame_calculation,0.002340,823,sim_time=41200.00000
frame_calculation,0.002280,824,sim_time=41250.00000
frame_calculation,0.002612,825,sim_time=41300.00000
frame_calculation,0.004526,826,sim_time=41350.00000
frame_calculation,0.002271,827,sim_time=41400.00000
frame_calculation,0.002276,828,sim_time=41450.00000
frame_calculation,0.002251,829,sim_time=41500.00000
frame_calculation,0.002239,830,sim_time=41550.00000
frame_calculation,0.002704,831,sim_time=41600.00000
frame_calculation,0.003355,832,sim_time=41650.00000
frame_calculation,0.002324,833,sim_time=41700.00000
frame_calculation,0.002284,834,sim_time=41750.00000
frame_calculation,0.002272,835,sim_time=41800.00000
frame_calculation,0.002257,836,sim_time=41850.00000
frame_calculation,0.002261,837,sim_time=41900.00000
frame_calculation,0.002772,838,sim_time=41950.00000
frame_calculation,0.002497,839,sim_time=42000.00000
frame_calculation,0.002293,840,sim_time=42050.00000
frame_calculation,0.002252,841,sim_time=42100.00000
frame_calculation,0.002258,842,sim_time=42150.00000
frame_calculation,0.002241,843,sim_time=42200.00000
frame_calculation,0.002397,844,sim_time=42250.00000
frame_calculation,0.002574,845,sim_time=42300.00000
frame_calculation,0.002506,846,sim_time=42350.00000
frame_calculation,0.002307,847,sim_time=42400.00000
frame_calculation,0.002288,848,sim_time=42450.00000
frame_calculation,0.002262,849,sim_time=42500.00000
frame_calculation,0.002240,850,sim_time=42550.00000
frame_calculation,0.002788,851,sim_time=42600.00000
frame_calculation,0.003293,852,sim_time=42650.00000
frame_calculation,0.002410,853,sim_time=42700.00000
frame_calculation,0.002281,854,sim_time=42750.00000
frame_calculation,0.002287,855,sim_time=42800.00000
frame_calculation,0.002298,856,sim_time=42850.00000
frame_calculation,0.002462,857,sim_time=42900.00000
frame_calculation,0.002385,858,sim_time=42950.00000
frame_calculation,0.002559,859,sim_time=43000.00000
frame_calculation,0.002336,860,sim_time=43050.00000
frame_calculation,0.002280,861,sim_time=43100.00000
frame_calculation,0.002256,862,sim_time=43150.00000
frame_calculation,0.002259,863,sim_time=43200.00000
frame_calculation,0.002558,864,sim_time=43250.00000
frame_calculation,0.002279,865,sim_time=43300.00000
frame_calculation,0.002527,866,sim_time=43350.00000
frame_calculation,0.002329,867,sim_time=43400.00000
frame_calculation,0.002260,868,sim_time=43450.00000
frame_calculation,0.002258,869,sim_time=43500.00000
frame_calculation,0.002765,870,sim_time=43550.00000
frame_calculation,0.002890,871,sim_time=43600.00000
frame_calculation,0.002431,872,sim_time=43650.00000
frame_calculation,0.002541,873,sim_time=43700.00000
frame_calculation,0.002304,874,sim_time=43750.00000
frame_calculation,0.002258,875,sim_time=43800.00000
frame_calculation,0.002248,876,sim_time=43850.00000
frame_calculation,0.003385,877,sim_time=43900.00000
frame_calculation,0.002312,878,sim_time=43950.00000
frame_calculation,0.002553,879,sim_time=44000.00000
frame_calculation,0.002392,880,sim_time=44050.00000
frame_calculation,0.002265,881,sim_time=44100.00000
frame_calculation,0.002248,882,sim_time=44150.00000
frame_calculation,0.002918,883,sim_time=44200.00000
frame_calculation,0.002366,884,sim_time=44250.00000
frame_calculation,0.002250,885,sim_time=44300.00000
frame_calculation,0.002694,886,sim_time=44350.00000
frame_calculation,0.002393,887,sim_time=44400.00000
frame_calculation,0.002288,888,sim_time=44450.00000
frame_calculation,0.002481,889,sim_time=44500.00000
frame_calculation,0.002447,890,sim_time=44550.00000
frame_calculation,0.002341,891,sim_time=44600.00000
frame_calculation,0.002396,892,sim_time=44650.00000
frame_calculation,0.002667,893,sim_time=44700.00000
frame_calculation,0.002309,894,sim_time=44750.00000
frame_calculation,0.002242,895,sim_time=44800.00000
frame_calculation,0.002546,896,sim_time=44850.00000
frame_calculation,0.002281,897,sim_time=44900.00000
frame_calculation,0.002260,898,sim_time=44950.00000
frame_calculation,0.002353,899,sim_time=45000.00000
frame_calculation,0.002459,900,sim_time=45050.00000
frame_calculation,0.002291,901,sim_time=45100.00000
frame_calculation,0.002388,902,sim_time=45150.00000
frame_calculation,0.002363,903,sim_time=45200.00000
frame_calculation,0.002265,904,sim_time=45250.00000
frame_calculation,0.002244,905,sim_time=45300.00000
frame_calculation,0.002297,906,sim_time=45350.00000
frame_calculation,0.002502,907,sim_time=45400.00000
frame_calculation,0.002324,908,sim_time=45450.00000
frame_calculation,0.002565,909,sim_time=45500.00000
frame_calculation,0.002490,910,sim_time=45550.00000
frame_calculation,0.002246,911,sim_time=45600.00000
frame_calculation,0.002238,912,sim_time=45650.00000
frame_calculation,0.002391,913,sim_time=45700.00000
frame_calculation,0.002525,914,sim_time=45750.00000
frame_calculation,0.002285,915,sim_time=45800.00000
frame_calculation,0.003351,916,sim_time=45850.00000
frame_calculation,0.002323,917,sim_time=45900.00000
frame_calculation,0.002288,918,sim_time=45950.00000
frame_calculation,0.002280,919,sim_time=46000.00000
frame_calculation,0.002454,920,sim_time=46050.00000
frame_calculation,0.002561,921,sim_time=46100.00000
frame_calculation,0.002928,922,sim_time=46150.00000
frame_calculation,0.002379,923,sim_time=46200.00000
frame_calculation,0.002240,924,sim_time=46250.00000
frame_calculation,0.002259,925,sim_time=46300.00000
frame_calculation,0.002236,926,sim_time=46350.00000
frame_calculation,0.002501,927,sim_time=46400.00000
frame_calculation,0.002396,928,sim_time=46450.00000
frame_calculation,0.002760,929,sim_time=46500.00000
frame_calculation,0.002267,930,sim_time=46550.00000
frame_calculation,0.002234,931,sim_time=46600.00000
frame_calculation,0.002242,932,sim_time=46650.00000
frame_calculation,0.002239,933,sim_time=46700.00000
frame_calculation,0.002670,934,sim_time=46750.00000
frame_calculation,0.002681,935,sim_time=46800.00000
frame_calculation,0.002408,936,sim_time=46850.00000
frame_calculation,0.002266,937,sim_time=46900.00000
frame_calculation,0.002238,938,sim_time=46950.00000
frame_calculation,0.002240,939,sim_time=47000.00000
frame_calculation,0.002248,940,sim_time=47050.00000
frame_calculation,0.002512,941,sim_time=47100.00000
frame_calculation,0.002739,942,sim_time=47150.00000
frame_calculation,0.002332,943,sim_time=47200.00000
frame_calculation,0.002270,944,sim_time=47250.00000
frame_calculation,0.002261,945,sim_time=47300.00000
frame_calculation,0.002264,946,sim_time=47350.00000
frame_calculation,0.002272,947,sim_time=47400.00000
frame_calculation,0.002716,948,sim_time=47450.00000
frame_calculation,0.002788,949,sim_time=47500.00000
frame_calculation,0.002302,950,sim_time=47550.00000
frame_calculation,0.002285,951,sim_time=47600.00000
frame_calculation,0.002260,952,sim_time=47650.00000
frame_calculation,0.002249,953,sim_time=47700.00000
frame_calculation,0.002328,954,sim_time=47750.00000
frame_calculation,0.003001,955,sim_time=47800.00000
frame_calculation,0.002379,956,sim_time=47850.00000
frame_calculation,0.002250,957,sim_time=47900.00000
frame_calculation,0.002246,958,sim_time=47950.00000
frame_calculation,0.002240,959,sim_time=48000.00000
frame_calculation,0.002244,960,sim_time=48050.00000
frame_calculation,0.002394,961,sim_time=48100.00000
frame_calculation,0.004085,962,sim_time=48150.00000
frame_calculation,0.003356,963,sim_time=48200.00000
frame_calculation,0.002471,964,sim_time=48250.00000
frame_calculation,0.002443,965,sim_time=48300.00000
frame_calculation,0.002420,966,sim_time=48350.00000
frame_calculation,0.003820,967,sim_time=48400.00000
frame_calculation,0.002499,968,sim_time=48450.00000
frame_calculation,0.002310,969,sim_time=48500.00000
frame_calculation,0.002267,970,sim_time=48550.00000
frame_calculation,0.002257,971,sim_time=48600.00000
frame_calculation,0.002280,972,sim_time=48650.00000
frame_calculation,0.002555,973,sim_time=48700.00000
frame_calculation,0.002517,974,sim_time=48750.00000
frame_calculation,0.002324,975,sim_time=48800.00000
frame_calculation,0.002250,976,sim_time=48850.00000
frame_calculation,0.002263,977,sim_time=48900.00000
frame_calculation,0.002271,978,sim_time=48950.00000
frame_calculation,0.002247,979,sim_time=49000.00000
frame_calculation,0.002914,980,sim_time=49050.00000
frame_calculation,0.002736,981,sim_time=49100.00000
frame_calculation,0.002327,982,sim_time=49150.00000
frame_calculation,0.002284,983,sim_time=49200.00000
frame_calculation,0.002253,984,sim_time=49250.00000
frame_calculation,0.002245,985,sim_time=49300.00000
frame_calculation,0.002810,986,sim_time=49350.00000
frame_calculation,0.003245,987,sim_time=49400.00000
frame_calculation,0.002428,988,sim_time=49450.00000
frame_calculation,0.002287,989,sim_time=49500.00000
frame_calculation,0.002261,990,sim_time=49550.00000
frame_calculation,0.002266,991,sim_time=49600.00000
frame_calculation,0.002666,992,sim_time=49650.00000
frame_calculation,0.002882,993,sim_time=49700.00000
frame_calculation,0.002569,994,sim_time=49750.00000
frame_calculation,0.002412,995,sim_time=49800.00000
frame_calculation,0.002252,996,sim_time=49850.00000
frame_calculation,0.002238,997,sim_time=49900.00000
frame_calculation,0.002257,998,sim_time=49950.00000
frame_calculation,0.002619,999,sim_time=50000.00000
frame_calculation,0.004692,1000,sim_time=50050.00000
frame_calculation,0.005594,1001,sim_time=50100.00000
frame_calculation,0.004077,1002,sim_time=50150.00000
frame_calculation,0.004324,1003,sim_time=50200.00000
frame_calculation,0.006314,1004,sim_time=50250.00000
frame_calculation,0.008520,1005,sim_time=50300.00000
frame_calculation,0.006323,1006,sim_time=50350.00000
frame_calculation,0.006982,1007,sim_time=50400.00000
frame_calculation,0.005833,1008,sim_time=50450.00000
frame_calculation,0.005488,1009,sim_time=50500.00000
frame_calculation,0.005833,1010,sim_time=50550.00000
frame_calculation,0.003937,1011,sim_time=50600.00000
frame_calculation,0.007694,1012,sim_time=50650.00000
frame_calculation,0.004513,1013,sim_time=50700.00000
frame_calculation,0.006801,1014,sim_time=50750.00000
frame_calculation,0.005065,1015,sim_time=50800.00000
frame_calculation,0.006376,1016,sim_time=50850.00000
frame_calculation,0.005623,1017,sim_time=50900.00000
frame_calculation,0.007129,1018,sim_time=50950.00000
frame_calculation,0.005724,1019,sim_time=51000.00000
frame_calculation,0.006860,1020,sim_time=51050.00000
frame_calculation,0.004546,1021,sim_time=51100.00000
frame_calculation,0.003108,1022,sim_time=51150.00000
frame_calculation,0.004233,1023,sim_time=51200.00000
frame_calculation,0.004093,1024,sim_time=51250.00000
frame_calculation,0.003778,1025,sim_time=51300.00000
frame_calculation,0.002676,1026,sim_time=51350.00000
frame_calculation,0.003054,1027,sim_time=51400.00000
frame_calculation,0.004313,1028,sim_time=51450.00000
frame_calculation,0.006059,1029,sim_time=51500.00000
frame_calculation,0.003870,1030,sim_time=51550.00000
frame_calculation,0.003500,1031,sim_time=51600.00000
frame_calculation,0.003633,1032,sim_time=51650.00000
frame_calculation,0.004321,1033,sim_time=51700.00000
frame_calculation,0.003837,1034,sim_time=51750.00000
frame_calculation,0.003423,1035,sim_time=51800.00000
frame_calculation,0.003489,1036,sim_time=51850.00000
frame_calculation,0.003747,1037,sim_time=51900.00000
frame_calculation,0.004459,1038,sim_time=51950.00000
frame_calculation,0.003512,1039,sim_time=52000.00000
frame_calculation,0.004697,1040,sim_time=52050.00000
frame_calculation,0.004259,1041,sim_time=52100.00000
frame_calculation,0.003424,1042,sim_time=52150.00000
frame_calculation,0.003455,1043,sim_time=52200.00000
frame_calculation,0.003198,1044,sim_time=52250.00000
frame_calculation,0.003225,1045,sim_time=52300.00000
frame_calculation,0.003577,1046,sim_time=52350.00000
frame_calculation,0.004711,1047,sim_time=52400.00000
frame_calculation,0.003232,1048,sim_time=52450.00000
frame_calculation,0.003633,1049,sim_time=52500.00000
frame_calculation,0.005628,1050,sim_time=52550.00000
frame_calculation,0.003534,1051,sim_time=52600.00000
frame_calculation,0.003181,1052,sim_time=52650.00000
frame_calculation,0.002915,1053,sim_time=52700.00000
frame_calculation,0.003917,1054,sim_time=52750.00000
frame_calculation,0.003478,1055,sim_time=52800.00000
frame_calculation,0.003093,1056,sim_time=52850.00000
frame_calculation,0.003158,1057,sim_time=52900.00000
frame_calculation,0.002676,1058,sim_time=52950.00000
frame_calculation,0.003750,1059,sim_time=53000.00000
frame_calculation,0.004001,1060,sim_time=53050.00000
frame_calculation,0.002685,1061,sim_time=53100.00000
frame_calculation,0.002577,1062,sim_time=53150.00000
frame_calculation,0.002490,1063,sim_time=53200.00000
frame_calculation,0.003856,1064,sim_time=53250.00000
frame_calculation,0.003346,1065,sim_time=53300.00000
frame_calculation,0.002749,1066,sim_time=53350.00000
frame_calculation,0.002469,1067,sim_time=53400.00000
frame_calculation,0.002866,1068,sim_time=53450.00000
frame_calculation,0.002958,1069,sim_time=53500.00000
frame_calculation,0.003137,1070,sim_time=53550.00000
frame_calculation,0.002531,1071,sim_time=53600.00000
frame_calculation,0.002638,1072,sim_time=53650.00000
frame_calculation,0.002879,1073,sim_time=53700.00000
frame_calculation,0.002502,1074,sim_time=53750.00000
frame_calculation,0.002454,1075,sim_time=53800.00000
frame_calculation,0.003403,1076,sim_time=53850.00000
frame_calculation,0.003105,1077,sim_time=53900.00000
frame_calculation,0.002665,1078,sim_time=53950.00000
frame_calculation,0.002387,1079,sim_time=54000.00000
frame_calculation,0.002404,1080,sim_time=54050.00000
frame_calculation,0.002595,1081,sim_time=54100.00000
frame_calculation,0.002846,1082,sim_time=54150.00000
frame_calculation,0.003359,1083,sim_time=54200.00000
frame_calculation,0.005156,1084,sim_time=54250.00000
frame_calculation,0.006399,1085,sim_time=54300.00000
frame_calculation,0.005205,1086,sim_time=54350.00000
frame_calculation,0.003339,1087,sim_time=54400.00000
frame_calculation,0.002657,1088,sim_time=54450.00000
frame_calculation,0.002579,1089,sim_time=54500.00000
frame_calculation,0.003103,1090,sim_time=54550.00000
frame_calculation,0.002587,1091,sim_time=54600.00000
frame_calculation,0.002303,1092,sim_time=54650.00000
frame_calculation,0.002343,1093,sim_time=54700.00000
frame_calculation,0.002410,1094,sim_time=54750.00000
frame_calculation,0.002434,1095,sim_time=54800.00000
frame_calculation,0.002363,1096,sim_time=54850.00000
frame_calculation,0.002365,1097,sim_time=54900.00000
frame_calculation,0.002718,1098,sim_time=54950.00000
frame_calculation,0.002461,1099,sim_time=55000.00000
frame_calculation,0.002270,1100,sim_time=55050.00000
frame_calculation,0.002237,1101,sim_time=55100.00000
frame_calculation,0.002234,1102,sim_time=55150.00000
frame_calculation,0.002295,1103,sim_time=55200.00000
frame_calculation,0.002458,1104,sim_time=55250.00000
frame_calculation,0.002350,1105,sim_time=55300.00000
frame_calculation,0.002377,1106,sim_time=55350.00000
frame_calculation,0.002259,1107,sim_time=55400.00000
frame_calculation,0.002238,1108,sim_time=55450.00000
frame_calculation,0.002236,1109,sim_time=55500.00000
frame_calculation,0.002278,1110,sim_time=55550.00000
frame_calculation,0.002444,1111,sim_time=55600.00000
frame_calculation,0.002360,1112,sim_time=55650.00000
frame_calculation,0.002397,1113,sim_time=55700.00000
frame_calculation,0.002274,1114,sim_time=55750.00000
frame_calculation,0.002244,1115,sim_time=55800.00000
frame_calculation,0.002350,1116,sim_time=55850.00000
frame_calculation,0.002369,1117,sim_time=55900.00000
frame_calculation,0.002329,1118,sim_time=55950.00000
frame_calculation,0.002289,1119,sim_time=56000.00000
frame_calculation,0.002519,1120,sim_time=56050.00000
frame_calculation,0.002345,1121,sim_time=56100.00000
headless_calculation_total,3.001548,,frames=1122;requested_frames=1000000;dim=2
